2026-10-06,IUSQ,IUSQ,EUR,485.409,486.020,484.360,485.583,1.661,104905,1,1.00
2026-10-06,FERROVIAL,FER,EUR,199.267,200.360,196.340,199.180,4.020,1132739,1,1.00
2026-10-06,PUBLIC POWER CORP,DEH,EUR,100.508,102.693,100.420,101.382,2.272,704514,1,1.00
2026-10-06,PRYSMIAN,PRY,EUR,564.591,570.709,557.599,569.835,13.110,908951,1,1.00
2026-10-06,VANECK URANIUM,U3O8,EUR,194.518,203.217,193.399,202.892,9.818,60384,1,1.00
2026-10-06,ABBVIE,ABBV,USD,1040.652,1044.383,1012.977,1042.168,31.406,1373626,1,1.00
2026-10-06,NVIDIA,NVDA,USD,940.917,945.930,935.786,937.108,10.145,48634618,1,1.00
2026-10-06,REXFORD,REXR,USD,142.684,144.181,141.946,143.656,2.235,753431,1,1.00
2026-10-06,TURKCELL,TKC,USD,20.250,20.270,20.095,20.169,0.175,334506,1,1.00
2026-10-06,BOISE CASCADE,BCC,USD,292.754,295.552,291.277,294.814,4.275,59732,1,1.00
2026-10-06,DHT HOLDINGS INC,DHT,USD,91.651,92.797,90.018,92.078,2.779,2036122,1,1.00
2026-10-06,MP MATERIALS CORP,MP,USD,184.234,189.092,183.846,187.013,5.247,2194207,1,1.00
2026-10-06,ROYALTY PHARMA PLC,RPRX,USD,220.226,222.053,217.816,220.343,4.237,972373,1,1.00
