Data,Nazwa,ISIN,Waluta,Kurs otwarcia,Kurs max,Kurs min,Kurs zamknięcia,Zmiana,Wolumen,Liczba Transakcji,Obrót
2026-05-08,06MAGNA,PLNFI0600010,PLN,2.43,2.43,2.41,2.43,0.0,3151,0,7.66
2026-05-08,08OCTAVA,PLNFI0800016,PLN,0.67,0.67,0.67,0.67,8.06,2,0,0.0
2026-05-08,11BIT,PL11BTS00015,PLN,158.0,158.7,153.3,153.7,-2.72,6136,0,943.1
2026-05-08,3RGAMES,PLGRNKT00019,PLN,0.68,0.68,0.652,0.674,1.81,12605,0,8.5
2026-05-08,4MASS,PL4MASS00011,PLN,4.2,4.2,4.1,4.2,-0.47,11025,0,46.3
2026-05-08,ABPL,PLAB00000019,PLN,131.4,134.6,131.0,133.0,0.61,3845,0,511.38
2026-05-08,ACAUTOGAZ,PLACSA000014,PLN,21.8,21.8,21.6,21.7,0.0,640,0,13.89
2026-05-08,ACTION,PLACTIN00018,PLN,29.85,30.25,29.85,30.0,0.5,4615,0,138.45
2026-05-08,ADIUVO,PLADVIV00015,PLN,0.56,0.57,0.542,0.558,-0.36,22125,0,12.35
2026-05-08,AGORA,PLAGORA00067,PLN,8.48,8.56,8.32,8.36,-1.65,20708,0,173.12
2026-05-08,AGROTON,CY0101062111,PLN,4.845,4.86,4.845,4.86,0.31,2047,0,9.95
2026-05-08,AIGAMES,PLSNTFG00017,PLN,0.818,0.82,0.782,0.782,-4.63,828,0,0.65
2026-05-08,AILLERON,PLWNDMB00010,PLN,17.1,17.42,16.92,17.2,-0.81,5445,0,93.65
2026-05-08,AIRWAY,PLAIRWY00017,PLN,0.293,0.306,0.287,0.295,0.51,252534,0,74.5
2026-05-08,ALIOR,PLALIOR00045,PLN,126.0,126.4,123.1,123.5,-1.28,2060153,0,254428.9
2026-05-08,ALLEGRO,LU2237380790,PLN,6.996,7.115,6.756,6.759,-3.39,0,0,0.0
2026-05-08,ALTA,PLTRNSU00013,PLN,1.605,1.645,1.605,1.645,0.0,74,0,0.12
2026-05-08,ALTUS,PLATTFI00018,PLN,2.91,2.91,2.81,2.91,0.0,325,0,0.95
2026-05-08,AMBRA,PLAMBRA00013,PLN,18.3,18.48,18.1,18.46,0.87,4628,0,85.43
2026-05-08,AMICA,PLAMICA00010,PLN,52.5,53.2,52.1,52.1,-1.7,6989,0,364.13
2026-05-08,AMPLI,PLAMPLI00019,PLN,1.1,1.1,1.1,1.1,2.8,9253,0,10.18
2026-05-08,AMREST,ES0105375002,PLN,10.8,10.86,10.3,10.42,-6.96,328005,0,3417.81
2026-05-08,ANSWEAR,PLANSWR00019,PLN,19.2,19.62,19.04,19.28,0.42,3330,0,64.2
2026-05-08,APATOR,PLAPATR00018,PLN,25.2,25.2,24.5,24.75,-1.0,4347,0,107.59
2026-05-08,APLISENS,PLAPLS000016,PLN,18.4,18.5,18.1,18.5,0.0,395,0,7.31
2026-05-08,APSENERGY,PLAPSEN00011,PLN,4.06,4.19,3.97,4.0,-2.2,27332,0,109.33
2026-05-08,ARCHICOM,PLARHCM00016,PLN,56.0,56.2,53.6,53.6,-1.47,1850,0,99.16
2026-05-08,ARCTIC,PLARTPR00012,PLN,6.3,6.3,6.09,6.13,-2.7,200007,0,1226.04
2026-05-08,ARLEN,PLARLEN00012,PLN,30.25,30.5,30.0,30.2,-0.17,10937,0,330.3
2026-05-08,ARTIFEX,PLARTFX00011,PLN,23.65,24.35,22.9,23.65,-1.25,38611,0,913.15
2026-05-08,ASBIS,CY1000031710,PLN,68.0,69.35,67.85,68.45,0.66,217355,0,14877.95
2026-05-08,ASMGROUP,PLASMGR00014,PLN,0.249,0.25,0.236,0.241,-2.82,713294,0,171.9
2026-05-08,ASSECOBS,PLABS0000018,PLN,92.4,92.4,89.4,90.6,1.34,1362,0,123.4
2026-05-08,ASSECOPOL,PLSOFTB00016,PLN,197.0,197.25,192.45,192.45,-1.94,121289,0,23342.07
2026-05-08,ASSECOSEE,PLASSEE00014,PLN,60.7,60.7,59.5,59.7,-1.81,2899,0,173.07
2026-05-08,ASTARTA,NL0000686509,PLN,53.9,53.9,52.0,52.7,-0.38,9070,0,477.99
2026-05-08,ATAL,PLATAL000046,PLN,61.4,61.8,61.0,61.0,-0.97,3735,0,227.84
2026-05-08,ATENDE,PLATMSI00016,PLN,3.4,3.4,3.26,3.32,-0.3,8040,0,26.69
2026-05-08,ATLANTAPL,PLATLPL00018,PLN,18.2,18.2,17.55,18.0,1.98,1665,0,29.97
2026-05-08,ATLANTIS,EE0000000552,PLN,1.455,1.455,1.455,1.455,-0.34,2944,0,4.28
2026-05-08,ATMGRUPA,PLATM0000021,PLN,4.15,4.25,4.15,4.21,1.69,93925,0,395.42
2026-05-08,ATREM,PLATREM00017,PLN,67.0,67.0,63.6,65.3,-2.25,11080,0,723.52
2026-05-08,AUTOPARTN,PLATPRT00018,PLN,22.8,22.85,22.15,22.6,-0.44,88524,0,2000.64
2026-05-08,BBIDEV,PLNFI1200018,PLN,5.38,5.4,5.38,5.4,0.0,4,0,0.02
2026-05-08,BENEFIT,PLBNFTS00018,PLN,4122.0,4122.0,4000.0,4000.0,-3.33,8722,0,34888.0
2026-05-08,BEST,PLBEST000010,PLN,28.0,28.0,27.8,28.0,0.0,5446,0,152.49
2026-05-08,BETACOM,PLBTCOM00016,PLN,5.14,5.22,5.14,5.22,1.56,17,0,0.09
2026-05-08,BIGCHEESE,PLA340200015,PLN,5.0,5.08,4.915,4.995,-1.87,14353,0,71.69
2026-05-08,BIOCELTIX,PLBCLTX00019,PLN,83.8,84.3,81.5,84.2,0.36,2515,0,211.76
2026-05-08,BIOMAXIMA,PLBIOMX00015,PLN,11.64,11.64,11.4,11.56,-0.69,1887,0,21.81
2026-05-08,BIOPLANET,PLBIOPL00013,PLN,33.4,33.4,31.6,32.0,-4.19,1119,0,35.81
2026-05-08,BIOTON,PLBIOTN00029,PLN,4.14,4.255,4.14,4.18,-0.48,15957,0,66.7
2026-05-08,BLOOBER,PLBLOBR00014,PLN,25.6,26.2,25.5,26.0,1.56,9616,0,250.02
2026-05-08,BNPPPL,PLBGZ0000010,PLN,153.8,153.8,145.2,146.6,-4.81,39123,0,5735.43
2026-05-08,BOGDANKA,PLLWBGD00016,PLN,24.25,24.45,23.8,23.85,-1.04,51979,0,1239.7
2026-05-08,BOOMBIT,PLBMBIT00010,PLN,1.19,1.195,1.155,1.175,-1.26,0,0,0.0
2026-05-08,BORYSZEW,PLBRSZW00011,PLN,4.94,4.94,4.8,4.85,-0.51,83939,0,407.1
2026-05-08,BOS,PLBOS0000019,PLN,10.3,10.3,10.14,10.2,-1.16,8557,0,87.28
2026-05-08,BOWIM,PLBOWM000019,PLN,7.24,7.48,7.24,7.44,2.76,39465,0,293.62
2026-05-08,BUDIMEX,PLBUDMX00013,PLN,156.65,157.7,155.0,155.45,-0.77,0,0,0.0
2026-05-08,BUMECH,PLBMECH00012,PLN,21.46,21.58,20.1,20.8,-0.95,68980,0,1434.78
2026-05-08,CAPITAL,PLCPTLP00015,PLN,3.26,3.54,3.2,3.36,3.07,396233,0,1331.34
2026-05-08,CAPITEA,PLGTBCK00297,PLN,0.528,0.564,0.52,0.564,6.82,279044,0,157.38
2026-05-08,CAPTORTX,PLCPTRT00014,PLN,78.0,79.0,77.0,79.0,2.2,3352,0,264.81
2026-05-08,CASPAR,PLCSPAM00017,PLN,5.0,5.0,4.98,4.98,-0.4,4,0,0.02
2026-05-08,CAVATINA,PLCVTNH00040,PLN,13.6,13.6,13.6,13.6,0.0,18,0,0.24
2026-05-08,CCENERGY,PLKAREN00014,PLN,0.3,0.3,0.3,0.3,8.7,1500,0,0.45
2026-05-08,CDPROJEKT,PLOPTTC00011,PLN,266.4,266.4,260.0,260.8,-1.95,190580,0,49703.26
2026-05-08,CDRL,PLCDRL000043,PLN,7.95,8.3,7.75,8.25,4.43,2308,0,19.04
2026-05-08,CELTIC,PLCELPD00013,PLN,1.63,1.69,1.63,1.68,-1.18,22330,0,37.51
2026-05-08,CEZ,CZ0005112300,PLN,1219.0,1238.0,1217.0,1230.0,1.23,123185,0,151517.55
2026-05-08,CFI,PLINTKS00013,PLN,0.138,0.138,0.138,0.138,0.0,0,0,0.0
2026-05-08,CIGAMES,PLCTINT00018,PLN,3.05,3.05,2.98,3.04,0.33,139902,0,425.3
2026-05-08,CITYSERV,EE3100126368,PLN,5.85,5.85,5.85,5.85,0.0,0,0,0.0
2026-05-08,CLNPHARMA,PLCLNPH00015,PLN,21.5,21.55,21.1,21.3,-1.39,14777,0,314.75
2026-05-08,CLOUD,PLCLDTC00019,PLN,66.2,66.2,64.4,66.2,0.0,67,0,4.44
2026-05-08,COALENERG,LU0646112838,PLN,2.334,2.34,2.278,2.3,0.0,69565,0,160.0
2026-05-08,COGNOR,PLCNTSL00014,PLN,5.1,5.11,5.01,5.07,-0.59,156006,0,790.95
2026-05-08,COLUMBUS,PLSTIGR00012,PLN,3.71,3.71,3.71,3.71,0.0,0,0,0.0
2026-05-08,COMP,PLCMP0000017,PLN,57.6,58.0,57.4,58.0,0.69,3885,0,225.33
2026-05-08,COMPERIA,PLCOMPR00010,PLN,4.8,4.8,4.8,4.8,0.0,639,0,3.07
2026-05-08,COMPREMUM,PLPZBDT00013,PLN,1.14,1.16,1.105,1.135,0.44,56235,0,63.83
2026-05-08,CORMAY,PLCMRAY00029,PLN,0.59,0.59,0.562,0.58,-2.03,51972,0,30.14
2026-05-08,CPIEUROPE,AT0000A21KS2,PLN,15.72,15.72,15.4,15.4,-1.66,17503,0,269.55
2026-05-08,CREEPYJAR,PLCRPJR00019,PLN,590.0,604.0,580.0,598.0,2.4,944,0,564.51
2026-05-08,CREOTECH,PLCRTCH00017,PLN,648.0,648.0,622.0,633.0,-1.09,8450,0,5348.85
2026-05-08,CRQUANTUM,PLCTHQM00018,PLN,216.8,216.9,209.5,211.0,-2.74,5856,0,1235.62
2026-05-08,CYBERFLKS,PLR220000018,PLN,181.5,181.5,178.2,178.5,-1.38,24337,0,4344.15
2026-05-08,CYFRPLSAT,PLCFRPT00013,PLN,16.05,16.1,15.91,16.0,-0.19,383452,0,6135.23
2026-05-08,CZTOREBKA,PLCRWTR00022,PLN,0.47,0.47,0.47,0.47,0.0,2500,0,1.17
2026-05-08,DADELO,PLDADEL00013,PLN,16.22,16.3,15.66,15.72,-3.08,0,0,0.0
2026-05-08,DATAWALK,PLPILAB00012,PLN,128.4,131.0,126.8,130.0,2.52,10230,0,1329.9
2026-05-08,DBENERGY,PLDBENR00017,PLN,9.5,9.5,9.5,9.5,0.0,33,0,0.31
2026-05-08,DEBICA,PLDEBCA00016,PLN,85.3,85.4,85.1,85.3,0.0,848,0,72.33
2026-05-08,DECORA,PLDECOR00013,PLN,73.5,73.6,71.8,72.7,-1.09,1746,0,126.93
2026-05-08,DEKPOL,PLDEKPL00032,PLN,74.2,74.6,70.4,73.0,-1.62,9690,0,707.37
2026-05-08,DELKO,PLDELKO00019,PLN,6.2,6.2,6.1,6.15,-0.81,3913,0,24.06
2026-05-08,DEVELIA,PLLCCRP00017,PLN,10.6,10.6,10.42,10.54,-0.75,286421,0,3018.88
2026-05-08,DGA,PLDGA0000019,PLN,26.9,26.9,26.9,26.9,-0.37,30,0,0.81
2026-05-08,DIAG,PLDGNST00012,PLN,160.0,160.0,157.5,158.7,-0.69,45107,0,7158.48
2026-05-08,DIGITANET,PL4FNMD00013,PLN,198.9,199.9,195.1,199.8,-0.1,4330,0,865.13
2026-05-08,DIGITREE,PLSARE000013,PLN,10.4,10.7,10.4,10.7,2.88,210,0,2.25
2026-05-08,DINOPL,PLDINPL00011,PLN,30.88,31.13,29.9,30.39,-2.03,7161356,0,217633.6
2026-05-08,DMGROUP,PLGLBLC00011,PLN,2.32,2.33,2.28,2.33,1.3,2654,0,6.18
2026-05-08,DOMDEV,PLDMDVL00012,PLN,262.0,264.0,256.5,260.0,-0.95,2395,0,622.7
2026-05-08,DRAGOENT,PLDRG0000013,PLN,18.35,18.85,18.05,18.85,-0.26,762,0,14.36
2026-05-08,ECBSA,PLECBDZ00013,PLN,21.8,22.55,21.3,22.4,1.82,2383,0,53.38
2026-05-08,ECHO,PLECHPS00019,PLN,1.128,1.144,1.108,1.11,-1.6,0,0,0.0
2026-05-08,EDINVEST,PLEDINV00014,PLN,8.56,8.6,8.56,8.56,0.0,1044,0,8.94
2026-05-08,EFEKT,PLEFEKT00018,PLN,6.1,6.1,6.1,6.1,-2.4,660,0,4.03
2026-05-08,ELEKTROTI,PLELEKT00016,PLN,60.7,61.45,58.8,61.15,0.99,17281,0,1056.73
2026-05-08,ELKOP,EE0000000453,PLN,1.67,1.685,1.55,1.645,-2.66,9296,0,15.29
2026-05-08,ENAP,PLENAP000010,PLN,3.6,3.6,3.6,3.6,0.0,11187,0,40.27
2026-05-08,ENEA,PLENEA000013,PLN,22.04,22.04,20.82,21.2,-2.66,599210,0,12703.25
2026-05-08,ENELMED,PLENLMD00017,PLN,19.4,19.4,19.0,19.2,-1.03,535,0,10.27
2026-05-08,ENERGA,PLENERG00022,PLN,18.8,18.86,18.72,18.84,-0.21,4349,0,81.94
2026-05-08,ENERGOINS,PLERGIN00015,PLN,2.23,2.23,2.15,2.2,-1.35,24302,0,53.46
2026-05-08,ENTER,PLENTER00017,PLN,54.3,54.3,51.0,52.8,-1.12,10164,0,536.66
2026-05-08,EQUNICO,PLRESBD00032,PLN,1.13,1.18,1.1,1.11,-0.89,56461,0,62.67
2026-05-08,ERBUD,PLERBUD00012,PLN,6.05,6.27,6.04,6.07,0.33,0,0,0.0
2026-05-08,ERG,PLERGZB00014,PLN,40.0,41.8,40.0,41.8,0.0,10,0,0.42
2026-05-08,ERSTEPL,PLBZ00000044,PLN,635.0,635.0,611.0,613.2,-1.95,116086,0,71183.94
2026-05-08,ESOTIQ,PLESTHN00018,PLN,32.5,33.3,32.5,32.9,-0.3,897,0,29.51
2026-05-08,ESTAR,HU0000089198,PLN,222.0,222.0,214.0,214.0,-3.6,3793,0,811.7
2026-05-08,EUCO,PLERPCO00017,PLN,0.51,0.51,0.51,0.51,0.0,0,0,0.0
2026-05-08,EUROCASH,PLEURCH00011,PLN,5.7,5.78,5.48,5.52,-2.82,159250,0,879.06
2026-05-08,EUROHOLD,BG1100114062,PLN,1.06,1.06,1.06,1.06,-0.93,1,0,0.0
2026-05-08,EUROTEL,PLERTEL00011,PLN,23.5,24.6,23.05,24.0,1.27,2528,0,60.67
2026-05-08,FABRITY,PLK2ITR00010,PLN,25.1,25.1,24.9,24.9,-0.8,5325,0,132.59
2026-05-08,FASING,PLFSING00010,PLN,14.9,14.9,14.9,14.9,0.68,11,0,0.16
2026-05-08,FEERUM,PLFEERM00018,PLN,13.7,14.65,13.7,14.65,5.78,543,0,7.95
2026-05-08,FERRO,PLFERRO00016,PLN,28.9,29.3,28.5,29.0,0.35,4646,0,134.73
2026-05-08,FMG,PLTHP0000011,PLN,55.4,59.8,55.4,59.8,16.34,72,0,4.31
2026-05-08,FON,EE0000002897,PLN,1.6,1.6,1.6,1.6,0.0,1188,0,1.9
2026-05-08,FOODHUB,PLPMPOL00031,PLN,2.08,2.15,2.08,2.15,0.0,1134,0,2.44
2026-05-08,FORTE,PLFORTE00012,PLN,20.0,20.0,19.9,19.95,0.0,1086,0,21.67
2026-05-08,GAMEOPS,PLGMSOP00019,PLN,13.45,13.45,13.25,13.3,-1.12,3140,0,41.76
2026-05-08,GAMFACTOR,PLGMNGF00017,PLN,5.09,5.09,4.94,5.0,0.0,2379,0,11.9
2026-05-08,GENOMTEC,PLGNMTC00017,PLN,5.13,5.64,5.01,5.6,16.91,275131,0,1540.73
2026-05-08,GETIN,PLGSPR000014,PLN,0.5,0.502,0.492,0.498,0.0,196327,0,97.77
2026-05-08,GOBARTO,PLDUDA000016,PLN,22.9,22.9,22.9,22.9,0.0,301,0,6.89
2026-05-08,GPW,PLGPW0000017,PLN,84.9,85.25,82.45,83.05,-1.37,139490,0,11584.64
2026-05-08,GREENX,AU0000198939,PLN,0.89,0.91,0.89,0.91,2.82,56622,0,51.53
2026-05-08,GRODNO,PLGRODN00015,PLN,18.7,18.9,17.85,18.3,-2.14,67309,0,1231.75
2026-05-08,GRUPAAZOTY,PLZATRM00012,PLN,20.02,20.22,19.5,19.5,-2.5,418428,0,8159.35
2026-05-08,GRUPRACUJ,PLGRPRC00015,PLN,45.85,45.85,44.35,44.8,-1.86,92649,0,4150.68
2026-05-08,GTC,PLGTC0000037,PLN,2.57,2.68,2.57,2.63,1.54,440,0,1.16
2026-05-08,HANDLOWY,PLBH00000012,PLN,118.6,118.6,115.2,115.8,-1.36,19641,0,2274.43
2026-05-08,HARPER,PLHRPHG00023,PLN,5.64,5.64,5.14,5.42,-1.45,8377,0,45.4
2026-05-08,HELIO,PLHELIO00014,PLN,54.6,57.2,54.6,57.0,0.0,395,0,22.52
2026-05-08,HERKULES,PLZRWZW00012,PLN,1.46,1.49,1.425,1.46,0.0,41229,0,60.19
2026-05-08,HUUUGE,US44853H1086,PLN,21.5,22.0,21.5,21.95,2.09,2577,0,56.57
2026-05-08,HYDROTOR,PLHDRTR00013,PLN,14.4,14.8,13.9,14.25,-1.04,2102,0,29.95
2026-05-08,IBSM,PLPLPGR00010,PLN,68.4,73.0,68.4,73.0,2.24,341,0,24.89
2026-05-08,IDMSA,PLIDMSA00044,PLN,0.498,0.498,0.498,0.498,0.0,0,0,0.0
2026-05-08,IFIRMA,PLPWRMD00011,PLN,29.0,29.0,27.45,28.0,-5.56,20375,0,570.5
2026-05-08,IFSA,EE3100099391,PLN,0.128,0.128,0.122,0.122,-6.15,15901,0,1.94
2026-05-08,IMCOMPANY,LU0607203980,PLN,36.65,37.25,34.65,37.25,1.64,4532,0,168.82
2026-05-08,IMMOBILE,PLMAKRM00019,PLN,5.2,5.26,5.02,5.08,0.4,35108,0,178.35
2026-05-08,IMPERIO,PLNFI0700018,PLN,1.87,1.87,1.7,1.8,4.65,26174,0,47.11
2026-05-08,IMS,PLINTMS00019,PLN,2.04,2.065,2.0,2.0,0.0,20801,0,41.6
2026-05-08,INC,PLINCLT00015,PLN,1.735,1.765,1.7,1.765,3.82,9002,0,15.89
2026-05-08,INGBSK,PLBSK0000017,PLN,404.6,404.6,391.0,391.0,-1.96,25523,0,9979.49
2026-05-08,INPRO,PLINPRO00015,PLN,7.8,7.8,7.6,7.6,-0.65,1677,0,12.75
2026-05-08,INSTALKRK,PLINSTK00013,PLN,37.6,37.9,37.6,37.9,0.8,856,0,32.44
2026-05-08,INTERBUD,PLINTBD00014,PLN,1.945,1.945,1.79,1.945,-0.77,2981,0,5.8
2026-05-08,INTERCARS,PLINTCS00010,PLN,770.0,770.0,757.0,769.0,-0.13,1014,0,779.77
2026-05-08,INTERSPPL,PLINTSP00038,PLN,0.392,0.392,0.358,0.389,-1.14,29594,0,11.53
2026-05-08,INTROL,PLINTRL00013,PLN,7.62,7.64,7.48,7.64,0.26,136,0,1.04
2026-05-08,IPOPEMA,PLIPOPM00011,PLN,6.66,6.8,6.64,6.8,2.1,5118,0,34.8
2026-05-08,IZOBLOK,PLIZBLK00010,PLN,28.0,28.0,28.0,28.0,0.0,100,0,2.8
2026-05-08,IZOLACJA,PLIZCJR00017,PLN,4.01,4.02,3.73,3.84,-5.88,4253,0,16.33
2026-05-08,IZOSTAL,PLIZSTL00015,PLN,3.16,3.16,3.12,3.13,-1.26,17386,0,54.42
2026-05-08,JRH,PLJRINV00013,PLN,4.92,4.95,4.7,4.82,-2.03,43365,0,209.02
2026-05-08,JSW,PLJSW0000015,PLN,29.2,29.2,28.3,28.39,-1.11,328954,0,9339.0
2026-05-08,JWWINVEST,PLJWWNT00018,PLN,2.99,3.01,2.95,2.95,-1.34,854,0,2.52
2026-05-08,KCI,PLPONAR00012,PLN,0.93,0.946,0.93,0.946,0.0,130,0,0.12
2026-05-08,KERNEL,LU0327357389,PLN,19.78,19.78,19.46,19.7,-0.4,2924,0,57.6
2026-05-08,KETY,PLKETY000011,PLN,258.0,265.6,255.2,255.4,-1.01,0,0,0.0
2026-05-08,KGHM,PLKGHM000017,PLN,337.0,341.0,333.2,338.65,1.39,691717,0,234249.96
2026-05-08,KGL,PLKRKGL00012,PLN,10.8,10.8,10.1,10.4,-0.95,254,0,2.64
2026-05-08,KINOPOL,PLKNOPL00014,PLN,20.0,20.0,19.9,19.9,-0.5,4461,0,88.77
2026-05-08,KOGENERA,PLKGNRC00015,PLN,77.2,81.1,76.0,80.6,-0.25,28732,0,2315.8
2026-05-08,KOMPAP,PLKOMPP00017,PLN,19.2,19.2,19.2,19.2,0.0,30,0,0.58
2026-05-08,KOMPUTRON,PLKMPTR00012,PLN,5.99,6.0,5.83,6.0,0.17,2909,0,17.45
2026-05-08,KPPD,PLKPPD000017,PLN,19.8,19.8,18.6,19.5,-1.02,3340,0,65.13
2026-05-08,KRAKCHEM,PLKRKCH00019,PLN,0.335,0.339,0.33,0.337,-0.59,24182,0,8.15
2026-05-08,KRKA,SI0031102120,PLN,251.0,252.0,251.0,251.5,1.41,0,0,0.0
2026-05-08,KRUK,PLKRK0000010,PLN,434.2,435.5,428.4,432.0,-0.69,24611,0,10631.95
2026-05-08,KRVITAMIN,PLKRVTM00010,PLN,12.25,12.8,12.25,12.8,4.49,627,0,8.03
2026-05-08,KSGAGRO,LU0611262873,PLN,3.72,3.775,3.71,3.75,-0.66,1623,0,6.09
2026-05-08,LARQ,PLCAMMD00032,PLN,2.09,2.09,2.0,2.0,-1.48,5572,0,11.14
2026-05-08,LENA,PLLENAL00015,PLN,2.3,2.3,2.26,2.27,-1.3,3545,0,8.05
2026-05-08,LENTEX,PLLENTX00010,PLN,7.16,7.18,7.16,7.18,-0.55,32,0,0.23
2026-05-08,LESS,PLINTGR00013,PLN,0.235,0.24,0.22,0.239,2.14,124704,0,29.8
2026-05-08,LIBET,PLLBT0000013,PLN,1.15,1.265,1.15,1.265,6.3,10898,0,13.79
2026-05-08,LOKUM,PLLKMDW00049,PLN,23.2,23.5,23.2,23.4,-0.85,104,0,2.43
2026-05-08,LPP,PLLPP0000011,PLN,22100.0,22140.0,20440.0,20820.0,-6.64,7730,0,160938.6
2026-05-08,LSISOFT,PLLSSFT00016,PLN,48.0,48.0,46.5,48.0,0.0,90,0,4.32
2026-05-08,LUBAWA,PLLUBAW00013,PLN,2.152,2.166,2.104,2.118,-1.58,0,0,0.0
2026-05-08,MABION,PLMBION00016,PLN,7.8,7.81,7.47,7.58,5.28,72693,0,551.01
2026-05-08,MAKARONPL,PLMKRNP00015,PLN,21.35,21.5,21.3,21.5,1.18,2621,0,56.35
2026-05-08,MANGATA,PLZTKMA00017,PLN,71.8,71.8,71.0,71.8,1.99,244,0,17.52
2026-05-08,MARVIPOL,PLMRVDV00011,PLN,11.4,11.45,11.3,11.35,-0.44,40640,0,461.26
2026-05-08,MAXCOM,PLMXCMS00016,PLN,6.48,6.7,6.24,6.7,-2.33,5726,0,38.36
2026-05-08,MBANK,PLBRE0000012,PLN,1198.0,1198.0,1141.5,1148.5,-2.09,19520,0,22418.72
2026-05-08,MBWS,FR0000060873,PLN,2.78,2.8,2.78,2.8,0.0,529,0,1.48
2026-05-08,MCI,PLMCIMG00012,PLN,28.3,28.9,28.1,28.5,1.42,5753,0,163.96
2026-05-08,MCR,PLMRCOR00016,PLN,13.9,14.1,13.5,13.8,-1.43,1949,0,26.9
2026-05-08,MDIENERGIA,PLNFI1000012,PLN,1.09,1.16,0.982,1.035,-1.43,70329,0,72.79
2026-05-08,MEDICALG,PLMDCLG00015,PLN,25.5,26.75,25.45,26.75,3.28,51941,0,1389.42
2026-05-08,MEDINICE,PLMDNCE00016,PLN,70.7,70.7,67.8,70.2,0.43,15170,0,1064.93
2026-05-08,MEGARON,PLMGRON00016,PLN,6.3,6.3,6.3,6.3,0.0,0,0,0.0
2026-05-08,MENNICA,PLMNNCP00011,PLN,45.5,45.5,44.0,44.5,-0.45,2558,0,113.83
2026-05-08,MERCATOR,PLMRCTR00015,PLN,58.2,59.8,56.1,59.5,2.94,60459,0,3597.31
2026-05-08,MEXPOLSKA,PLMEXPL00010,PLN,3.91,3.91,3.86,3.89,-0.51,625,0,2.43
2026-05-08,MFO,PLMFO0000013,PLN,32.5,33.3,32.5,33.2,2.15,3263,0,108.33
2026-05-08,MILKILAND,NL0009508712,PLN,1.74,1.74,1.7,1.74,0.0,2306,0,4.01
2026-05-08,MILLENNIUM,PLBIG0000016,PLN,18.75,18.75,18.035,18.05,-2.67,378004,0,6822.97
2026-05-08,MIRACULUM,PLKLSTN00017,PLN,0.614,0.614,0.6,0.61,-0.65,6160,0,3.76
2026-05-08,MIRBUD,PLMRBUD00015,PLN,11.3,11.3,11.04,11.09,-2.72,145111,0,1609.28
2026-05-08,MLPGROUP,PLMLPGR00017,PLN,103.0,103.0,99.4,99.4,-3.5,993,0,98.7
2026-05-08,MLSYSTEM,PLMLSTM00015,PLN,15.44,15.6,15.36,15.5,-0.64,2095,0,32.47
2026-05-08,MOBRUK,PLMOBRK00013,PLN,84.1,84.6,82.8,83.7,-0.48,0,0,0.0
2026-05-08,MODIVO,PLCCC0000016,PLN,78.88,78.98,77.5,77.8,-1.34,206119,0,16036.06
2026-05-08,MOJ,PLMOJ0000015,PLN,1.62,1.62,1.6,1.6,-1.23,12540,0,20.06
2026-05-08,MOL,HU0000153937,PLN,4050.0,4194.0,3968.0,4164.0,0.29,1154728,0,4808287.39
2026-05-08,MOLECURE,PLONCTH00011,PLN,5.68,5.68,5.42,5.6,-1.41,20513,0,114.87
2026-05-08,MONNARI,PLMNRTR00012,PLN,6.0,6.0,5.86,5.86,-1.68,11391,0,66.75
2026-05-08,MOSTALPLC,PLMSTPL00018,PLN,13.25,13.25,12.6,13.1,-1.13,4987,0,65.33
2026-05-08,MOSTALWAR,PLMSTWS00019,PLN,4.9,4.92,4.52,4.78,-0.42,27111,0,129.59
2026-05-08,MOSTALZAB,PLMSTZB00018,PLN,6.56,6.56,6.42,6.49,-0.15,29241,0,189.77
2026-05-08,MOVIEGAMES,PLMVGMS00011,PLN,8.22,8.9,8.1,8.72,1.51,3762,0,32.8
2026-05-08,MURAPOL,PLMURPL00190,PLN,41.95,41.95,40.9,41.0,-1.44,18381,0,753.62
2026-05-08,MUZA,PLMUZA000019,PLN,9.05,9.05,9.05,9.05,-3.72,502,0,4.54
2026-05-08,MWTRADE,PLMWTRD00013,PLN,3.02,3.02,2.9,2.9,-5.84,1806,0,5.24
2026-05-08,NANOGROUP,PLNNGRP00011,PLN,2.505,2.52,2.43,2.485,-0.8,84827,0,210.8
2026-05-08,NEUCA,PLTRFRM00018,PLN,726.0,731.0,707.0,713.0,-1.11,1149,0,819.24
2026-05-08,NEWAG,PLNEWAG00012,PLN,109.8,110.2,107.0,109.0,-1.45,9818,0,1070.16
2026-05-08,NEXITY,PLWDMCP00013,PLN,1.11,1.11,1.08,1.08,0.0,1250,0,1.35
2026-05-08,NIEWIADOW,PLVNTCP00019,PLN,19.0,19.5,18.8,19.0,-0.78,218824,0,4157.66
2026-05-08,NOCTILUCA,PLNCTLC00018,PLN,99.8,103.8,99.0,100.6,0.8,3153,0,317.19
2026-05-08,NOVATURAS,LT0000131872,PLN,0.83,0.832,0.818,0.818,-1.21,15106,0,12.36
2026-05-08,NOVAVISGR,PLNFI0500012,PLN,0.697,0.698,0.674,0.675,-2.17,18282,0,12.34
2026-05-08,NOVITA,PLNVITA00018,PLN,102.0,102.0,101.0,102.0,0.99,36,0,3.67
2026-05-08,NTCAPITAL,PLECMNG00019,PLN,0.616,0.616,0.59,0.612,-0.65,1819,0,1.11
2026-05-08,NTTSYSTEM,PLNTSYS00013,PLN,11.35,11.4,11.25,11.4,0.0,4076,0,46.47
2026-05-08,ODLEWNIE,PLODLPL00013,PLN,19.55,20.1,19.55,19.8,2.59,14992,0,296.84
2026-05-08,ONDE,PLONDE000018,PLN,1.938,2.03,1.938,1.94,0.1,0,0,0.0
2026-05-08,ONEMORE,PLLSRMD00018,PLN,0.578,0.64,0.578,0.608,5.19,0,0,0.0
2026-05-08,ONESANO,PLSKTAN00010,PLN,0.698,0.698,0.698,0.698,3.56,60,0,0.04
2026-05-08,OPONEO.PL,PLOPNPL00013,PLN,19.8,20.0,19.46,19.46,-1.72,0,0,0.0
2026-05-08,OPTEAM,PLOPTEM00012,PLN,1.21,1.37,1.21,1.35,11.57,0,0,0.0
2026-05-08,ORANGEPL,PLTLKPL00017,PLN,15.485,15.49,15.12,15.26,-1.45,682655,0,10417.32
2026-05-08,ORCOGROUP,LU0122624777,PLN,4.46,4.48,4.46,4.48,0.45,25,0,0.11
2026-05-08,ORZBIALY,PLORZBL00013,PLN,37.8,37.8,37.8,37.8,1.07,70,0,2.65
2026-05-08,OTLOG,PLODRTS00017,PLN,13.14,13.22,12.96,13.22,3.12,1123,0,14.85
2026-05-08,OTMUCHOW,PLZPCOT00018,PLN,5.86,5.86,5.66,5.66,0.0,201,0,1.14
2026-05-08,PANOVA,PLPANVA00013,PLN,16.6,16.6,16.3,16.3,-1.81,272,0,4.43
2026-05-08,PASSUS,PLPSSUS00018,PLN,124.2,129.0,121.6,123.0,-0.81,15418,0,1896.41
2026-05-08,PATENTUS,PLPTNTS00019,PLN,2.96,2.96,2.9,2.96,0.0,2680,0,7.93
2026-05-08,PBSFINANSE,PLBEFSN00010,PLN,0.83,0.83,0.83,0.83,0.0,130,0,0.11
2026-05-08,PCCEXOL,PLPCCEX00010,PLN,1.99,2.01,1.98,2.0,0.5,30601,0,61.2
2026-05-08,PCCROKITA,PLPCCRK00076,PLN,69.0,69.5,68.1,69.5,0.72,2753,0,191.33
2026-05-08,PCFGROUP,PLPCFGR00010,PLN,0.842,0.865,0.839,0.861,2.26,0,0,0.0
2026-05-08,PEKABEX,PLPKBEX00072,PLN,9.0,9.29,8.95,9.0,0.22,492560,0,4433.04
2026-05-08,PEKAO,PLPEKAO00016,PLN,237.1,237.1,229.3,231.0,-1.74,375738,0,86795.48
2026-05-08,PEP,PLPLSEP00013,PLN,51.7,51.8,49.7,49.9,-3.67,2232,0,111.38
2026-05-08,PEPCO,NL0015000AU7,PLN,7.462,7.64,7.322,7.444,-0.24,9,0,0.07
2026-05-08,PEPEES,PLPEPES00018,PLN,0.87,0.87,0.868,0.868,-0.23,2002,0,1.74
2026-05-08,PGE,PLPGER000010,PLN,10.92,10.92,10.4,10.54,-3.39,2931349,0,30896.42
2026-05-08,PGFGROUP,PLZSTAL00012,PLN,0.55,0.569,0.544,0.556,-2.28,31345,0,17.43
2026-05-08,PHARMENA,PLPHRMN00011,PLN,3.38,3.46,3.34,3.44,1.78,2864,0,9.85
2026-05-08,PHN,PLPHN0000014,PLN,9.58,9.58,9.52,9.58,0.0,1199,0,11.49
2026-05-08,PHOTON,NL0010391108,PLN,1.055,1.36,1.055,1.36,30.77,233045,0,316.94
2026-05-08,PJPMAKRUM,PLPROJP00018,PLN,17.9,17.9,17.45,17.75,-0.84,133,0,2.36
2026-05-08,PKNORLEN,PLPKN0000018,PLN,140.2,141.78,138.66,140.3,0.21,737872,0,103523.44
2026-05-08,PKOBP,PLPKO0000016,PLN,96.24,96.42,94.31,94.65,-1.96,1696157,0,160541.26
2026-05-08,PKPCARGO,PLPKPCR00011,PLN,14.84,14.99,14.55,14.55,-1.95,72664,0,1057.26
2026-05-08,PLAYWAY,PLPLAYW00015,PLN,245.0,249.5,244.0,249.5,2.25,2808,0,700.6
2026-05-08,PLAZACNTR,NL0011882741,PLN,0.145,0.145,0.145,0.145,0.0,0,0,0.0
2026-05-08,PMPG,PLPEKPL00010,PLN,2.05,2.05,2.05,2.05,0.0,7,0,0.01
2026-05-08,POLICE,PLZCPLC00036,PLN,7.72,7.72,7.5,7.7,0.0,1437,0,11.06
2026-05-08,POLIMEXMS,PLMSTSD00019,PLN,8.66,8.66,8.26,8.3,-4.27,1035813,0,8597.25
2026-05-08,POLTREG,PLPLTRG00038,PLN,17.5,17.5,17.15,17.4,1.16,2458,0,42.77
2026-05-08,POLWAX,PLPOLWX00026,PLN,0.998,0.998,0.978,0.996,-0.2,10200,0,10.16
2026-05-08,PRAGMAINK,PLPRGNK00017,PLN,3.1,3.1,3.1,3.1,0.0,27,0,0.08
2026-05-08,PROCHEM,PLPRCHM00014,PLN,24.8,24.8,24.4,24.4,-0.41,303,0,7.39
2026-05-08,PROTEKTOR,PLLZPSK00019,PLN,1.43,1.43,1.354,1.4,0.0,287138,0,401.99
2026-05-08,PTWP,PLPTWP000015,PLN,139.0,139.0,135.5,136.0,-2.51,197,0,26.79
2026-05-08,PULAWY,PLZAPUL00057,PLN,45.9,46.8,45.2,46.4,-0.85,442,0,20.51
2026-05-08,PURE,PLPRBLG00010,PLN,2.41,2.41,2.41,2.41,0.0,0,0,0.0
2026-05-08,PZU,PLPZU0000011,PLN,65.0,65.16,63.16,63.22,-2.05,1339332,0,84672.57
2026-05-08,QNATECHNO,PLQNTHL00017,PLN,43.5,45.5,43.5,45.3,0.89,867,0,39.28
2026-05-08,QUANTUM,PLQNTUM00018,PLN,28.0,28.0,28.0,28.0,0.0,213,0,5.96
2026-05-08,QUERCUS,PLQRCUS00012,PLN,11.86,12.12,11.8,12.1,2.02,10923,0,132.17
2026-05-08,RAFAMET,PLRFMET00016,PLN,61.3,63.5,59.8,61.0,-3.94,3097,0,188.92
2026-05-08,RAINBOW,PLRNBWT00031,PLN,141.0,141.8,137.7,138.0,-2.82,18421,0,2542.1
2026-05-08,RANKPROGR,PLRNKPR00014,PLN,3.82,3.945,3.79,3.9,-1.02,1236,0,4.82
2026-05-08,RAWLPLUG,PLKLNR000017,PLN,15.1,15.1,14.65,14.65,-2.66,328,0,4.81
2026-05-08,REINHOLD,SE0001856519,PLN,0.035,0.035,0.035,0.035,0.0,0,0,0.0
2026-05-08,REINO,PLWDM0000029,PLN,0.955,0.955,0.955,0.955,0.0,2,0,0.0
2026-05-08,RELPOL,PLRELPL00014,PLN,5.44,5.46,5.36,5.46,0.0,2002,0,10.93
2026-05-08,REMAK,PLREMAK00016,PLN,10.7,10.7,10.05,10.4,-3.7,1013,0,10.54
2026-05-08,RENDER,PLRNDCB00011,PLN,77.0,77.8,75.4,76.0,-1.81,210,0,15.96
2026-05-08,ROPCZYCE,PLROPCE00017,PLN,22.4,22.5,22.3,22.5,2.27,90,0,2.02
2026-05-08,RYVU,PLSELVT00013,PLN,23.95,23.95,23.1,23.2,-0.85,9937,0,230.54
2026-05-08,SANOK,PLSTLSK00016,PLN,21.6,21.7,21.5,21.6,0.0,885,0,19.12
2026-05-08,SANTANDER,ES0113900J37,PLN,10.474,10.562,10.356,10.466,-1.08,16774321,0,175560.04
2026-05-08,SANWIL,PLSANWL00012,PLN,1.31,1.31,1.28,1.29,-0.77,6466,0,8.34
2026-05-08,SATIS,PLADVPL00029,PLN,0.276,0.276,0.276,0.276,0.0,1050,0,0.29
2026-05-08,SCANWAY,PLSCWAY00018,PLN,359.0,368.0,350.0,350.0,-2.23,5565,0,1947.75
2026-05-08,SCPFL,PLSCPFL00018,PLN,131.8,131.8,120.4,121.0,-8.19,9098,0,1100.86
2026-05-08,SECOGROUP,PLWRWCK00013,PLN,36.4,36.4,36.4,36.4,1.68,130,0,4.73
2026-05-08,SEKO,PLSEKO000014,PLN,10.2,10.4,10.1,10.3,1.98,7162,0,73.77
2026-05-08,SELENAFM,PLSELNA00010,PLN,48.9,49.0,48.5,48.5,-0.82,1224,0,59.36
2026-05-08,SELVITA,PLSLVCR00029,PLN,32.0,32.1,31.55,31.6,-1.56,11162,0,352.72
2026-05-08,SFINKS,PLSFNKS00011,PLN,0.443,0.444,0.43,0.444,0.91,17684,0,7.85
2026-05-08,SHOPER,PLSHPR000021,PLN,39.75,40.8,39.6,39.6,-0.25,19231,0,761.55
2026-05-08,SILVAIR-REGS,USU827061099,PLN,5.75,5.75,5.55,5.55,-2.63,8558,0,47.5
2026-05-08,SILVANO,EE3100001751,PLN,1.155,1.165,1.155,1.155,0.0,5517,0,6.37
2026-05-08,SIMFABRIC,PLSMFBC00016,PLN,1.602,1.608,1.562,1.606,-0.12,3354,0,5.39
2026-05-08,SKARBIEC,PLSKRBH00014,PLN,36.2,36.9,36.2,36.6,-0.81,2424,0,88.72
2026-05-08,SKYLINE,PLSKLNW00011,PLN,1.5,1.5,1.5,1.5,0.0,0,0,0.0
2026-05-08,SNIEZKA,PLSNZKA00033,PLN,86.6,86.6,85.2,86.6,0.0,419,0,36.29
2026-05-08,SNTVERSE,PLBMDLB00018,PLN,3.175,3.18,3.11,3.18,0.95,23662,0,75.25
2026-05-08,SOHODEV,PLNFI0400015,PLN,0.12,0.145,0.12,0.145,15.08,34,0,0.0
2026-05-08,SONEL,PLSONEL00011,PLN,15.1,15.1,14.75,15.1,0.0,611,0,9.23
2026-05-08,SOPHARMA,BG11SOSOBT18,PLN,8.0,8.04,8.0,8.04,0.5,1880,0,15.12
2026-05-08,SPYROSOFT,PLSPRSF00011,PLN,426.0,426.0,411.0,416.0,-2.35,245,0,101.92
2026-05-08,STALEXP,PLSTLEX00019,PLN,2.985,2.985,2.94,2.95,-1.01,106519,0,314.23
2026-05-08,STALPROD,PLSTLPD00017,PLN,244.0,244.0,241.0,244.0,0.0,233,0,56.85
2026-05-08,STALPROFI,PLSTLPF00012,PLN,9.26,9.3,9.16,9.3,1.31,20798,0,193.42
2026-05-08,STAPORKOW,PLSTPRK00019,PLN,4.66,4.78,4.66,4.74,1.72,108,0,0.51
2026-05-08,STARHEDGE,PLHRDEX00021,PLN,0.185,0.185,0.185,0.185,0.0,2502,0,0.46
2026-05-08,SUNEX,PLSUNEX00013,PLN,2.83,2.96,2.77,2.845,0.89,62327,0,177.32
2026-05-08,SYGNITY,PLCMPLD00016,PLN,81.7,83.9,80.6,81.0,0.0,11503,0,931.74
2026-05-08,SYN2BIO,PLSNBIO00013,PLN,28.005,29.45,27.805,29.1,3.93,30896,0,899.07
2026-05-08,SYNEKTIK,PLSNKTK00019,PLN,284.0,286.4,282.4,282.6,-0.42,11405,0,3223.05
2026-05-08,TALEX,PLTALEX00017,PLN,18.2,18.3,17.9,17.9,-1.65,663,0,11.87
2026-05-08,TARCZYNSKI,PLTRCZN00016,PLN,121.5,122.0,119.5,122.0,0.41,862,0,105.16
2026-05-08,TATRY,SK1120010287,PLN,89.5,89.5,87.0,87.0,-2.79,2,0,0.17
2026-05-08,TAURONPE,PLTAURN00011,PLN,9.7,9.7,9.328,9.5,-1.47,2773269,0,26346.06
2026-05-08,TBULL,PLTBULL00024,PLN,2.62,2.62,2.62,2.62,0.0,20,0,0.05
2026-05-08,TENDERHUT,PLTNDRH00012,PLN,5.84,5.84,5.84,5.84,0.0,187,0,1.09
2026-05-08,TERMOREX,PLTRMRX00011,PLN,0.695,0.7,0.695,0.7,0.72,522,0,0.37
2026-05-08,TESGAS,PLTSGS000019,PLN,1.93,1.935,1.905,1.935,0.26,12547,0,24.28
2026-05-08,TEXT,PLLVTSF00010,PLN,41.26,41.26,40.1,40.1,-1.81,24351,0,976.48
2026-05-08,TORPOL,PLTORPL00016,PLN,71.0,72.0,70.1,72.0,0.14,11362,0,818.06
2026-05-08,TOYA,PLTOYA000011,PLN,9.4,9.4,8.99,9.06,-4.73,177536,0,1608.48
2026-05-08,TRAKCJA,PLTRKPL00014,PLN,4.125,4.125,4.0,4.01,-1.96,62051,0,248.82
2026-05-08,TRANSPOL,PLTRNSP00013,PLN,17.3,18.2,17.0,17.75,2.31,33914,0,601.97
2026-05-08,TRITON,PLASMOT00030,PLN,3.64,3.64,3.64,3.64,0.0,0,0,0.0
2026-05-08,TSGAMES,PLTSQGM00016,PLN,25.18,25.28,24.86,24.88,-0.24,0,0,0.0
2026-05-08,ULMA,PLBAUMA00017,PLN,63.0,63.0,63.0,63.0,3.28,1,0,0.06
2026-05-08,ULTGAMES,PLULTGM00013,PLN,15.0,15.25,14.5,15.0,0.67,6825,0,102.38
2026-05-08,UNFOLD,PLVNTIN00011,PLN,1.21,1.21,1.21,1.21,0.0,10,0,0.01
2026-05-08,UNIBEP,PLUNBEP00015,PLN,14.74,14.94,14.7,14.92,1.22,6650,0,99.22
2026-05-08,UNICREDIT,IT0005239360,PLN,70.63,71.02,69.42,70.5,-1.26,5016701,0,353677.42
2026-05-08,UNIMOT,PLUNMOT00013,PLN,163.6,166.8,162.4,166.8,2.08,6497,0,1083.7
2026-05-08,URTESTE,PLURTST00010,PLN,42.5,43.5,42.3,43.5,2.35,127,0,5.52
2026-05-08,VERCOM,PLVRCM000016,PLN,124.4,125.4,122.6,122.6,-2.23,21214,0,2600.84
2026-05-08,VIGOPHOTN,PLVIGOS00015,PLN,586.0,590.0,552.0,560.0,-4.44,1445,0,809.2
2026-05-08,VINDEXUS,PLVNDEX00013,PLN,13.75,14.1,13.75,14.1,2.55,3742,0,52.76
2026-05-08,VIRTUS,PLIQPRT00017,PLN,1.69,1.72,1.648,1.668,0.6,102996,0,171.8
2026-05-08,VIVID,PLVVDGM00014,PLN,0.633,0.642,0.625,0.639,0.0,24334,0,15.55
2026-05-08,VOTUM,PLVOTUM00016,PLN,51.9,51.9,50.8,51.2,-0.97,16294,0,834.25
2026-05-08,VOXEL,PLVOXEL00014,PLN,100.0,103.4,100.0,100.8,0.8,10928,0,1101.54
2026-05-08,VRG,PLVSTLA00011,PLN,5.24,5.28,5.22,5.26,0.77,74769,0,393.28
2026-05-08,WARIMPEX,AT0000827209,PLN,0.51,0.51,0.476,0.51,2.0,15800,0,8.06
2026-05-08,WASKO,PLHOGA000041,PLN,8.7,8.7,8.22,8.46,-2.76,39777,0,336.51
2026-05-08,WAWEL,PLWAWEL00013,PLN,784.0,798.0,776.0,778.0,-0.77,228,0,177.38
2026-05-08,WIELTON,PLWELTN00012,PLN,5.49,5.6,5.49,5.58,1.45,13716,0,76.54
2026-05-08,WIKANA,PLELPO000016,PLN,7.4,7.7,7.4,7.7,0.0,358,0,2.76
2026-05-08,WIRTUALNA,PLWRTPL00027,PLN,58.4,58.5,58.3,58.4,0.0,8142,0,475.49
2026-05-08,WITTCHEN,PLWTCHN00030,PLN,15.95,16.0,15.71,15.9,-0.31,19244,0,305.98
2026-05-08,WOODPCKR,PLWDPCK00017,PLN,2.93,2.93,2.77,2.87,-2.38,10782,0,30.94
2026-05-08,XPLUS,PLXPLUS00013,PLN,2.62,2.62,2.62,2.62,0.0,10,0,0.03
2026-05-08,XTB,PLXTRDM00011,PLN,23.09,24.0,23.065,23.09,0.0,0,0,0.0
2026-05-08,XTPL,PLXTPL000018,PLN,61.6,63.0,60.0,61.0,-0.81,2802,0,170.92
2026-05-08,YANOSIK,PLNEPTS00011,PLN,15.1,15.1,15.1,15.1,0.0,15,0,0.23
2026-05-08,YARRL,PLUNMST00014,PLN,6.2,6.2,5.9,5.9,-3.28,12521,0,73.87
2026-05-08,ZABKA,LU2910446546,PLN,23.39,23.39,22.91,22.98,-1.5,2260679,0,51950.4
2026-05-08,ZAMET,PLZAMET00010,PLN,0.84,0.86,0.834,0.86,0.23,23105,0,19.87
2026-05-08,ZEPAK,PLZEPAK00012,PLN,18.5,18.56,18.36,18.56,0.11,2866,0,53.19
2026-05-08,ZREMB,PLZBMZC00019,PLN,10.3,10.94,10.2,10.78,7.58,218211,0,2352.31
2026-05-08,ZUE,PLZUE0000015,PLN,12.95,13.0,12.7,12.7,-1.93,15867,0,201.51
